"feature","coefficient"
"(Intercept)",2.64222598575004
"Microsatellite.instability.Status..MSI._MSI.H",-0.0636396921313602
"Microsatellite.instability.Status..MSI._MSS.MSI.L",0.0637583394535234
"Screen.Medium_D.F12",0.0363636236129148
"Growth.Properties_Adherent",0.195078909540251
"Growth.Properties_Semi.Adherent",0.0126177687069691
"CNA_N",0.0208513809779923
"Gene.Expression_N",-0.118934795209757
"Methylation_N",0.0116770691829791
"TCGA_DESC_ACC",-0.230834158662478
"TCGA_DESC_ALL",-0.289480943230549
"TCGA_DESC_BLCA",0.0804348137151457
"TCGA_DESC_BRCA",0.0865964684015575
"TCGA_DESC_CESC",0.0872833718178547
"TCGA_DESC_CLL",-0.348956558021931
"TCGA_DESC_COREAD",0.0715369905781113
"TCGA_DESC_DLBC",-0.280153798072709
"TCGA_DESC_ESCA",0.0841206411694514
"TCGA_DESC_GBM",0.110325008791493
"TCGA_DESC_HNSC",-0.0192650590693029
"TCGA_DESC_KIRC",0.140752193114185
"TCGA_DESC_LAML",-0.286287653584206
"TCGA_DESC_LCML",-0.290785323773605
"TCGA_DESC_LGG",0.134799676075665
"TCGA_DESC_LIHC",0.16277257021676
"TCGA_DESC_LUAD",0.151238323149396
"TCGA_DESC_LUSC",0.0695133078364676
"TCGA_DESC_MB",-0.148089967207265
"TCGA_DESC_MESO",0.192618412882948
"TCGA_DESC_MM",-0.179176297495056
"TCGA_DESC_NB",-0.0651554428558039
"TCGA_DESC_OTHER",0.469131605752877
"TCGA_DESC_OV",0.162755927326391
"TCGA_DESC_PAAD",0.224737699368461
"TCGA_DESC_PRAD",0.151515871992532
"TCGA_DESC_SCLC",-0.000926204809213909
"TCGA_DESC_SKCM",0.0533949502844493
"TCGA_DESC_STAD",0.0110068988679225
"TCGA_DESC_THCA",0.130922139659236
"TCGA_DESC_UCEC",0.243373933253428
"GDSC.Tissue.descriptor.1_aero_dig_tract",0.0175769410560699
"GDSC.Tissue.descriptor.1_bone",-0.0553355814117808
"GDSC.Tissue.descriptor.1_breast",0.0778417481149923
"GDSC.Tissue.descriptor.1_digestive_system",0.0949834802409721
"GDSC.Tissue.descriptor.1_kidney",0.0844465182363057
"GDSC.Tissue.descriptor.1_large_intestine",0.100614262994106
"GDSC.Tissue.descriptor.1_leukemia",-0.361247837487837
"GDSC.Tissue.descriptor.1_lung",0.182857054414252
"GDSC.Tissue.descriptor.1_lung_NSCLC",0.141719320553008
"GDSC.Tissue.descriptor.1_lung_SCLC",0.0319938844443226
"GDSC.Tissue.descriptor.1_lymphoma",-0.364313718303599
"GDSC.Tissue.descriptor.1_myeloma",-0.210916329537961
"GDSC.Tissue.descriptor.1_nervous_system",0.0805185681675287
"GDSC.Tissue.descriptor.1_neuroblastoma",-0.128969065546605
"GDSC.Tissue.descriptor.1_pancreas",0.288513543820825
"GDSC.Tissue.descriptor.1_skin",0.0314860177647412
"GDSC.Tissue.descriptor.1_soft_tissue",-0.00258657233761537
"GDSC.Tissue.descriptor.1_thyroid",0.15265800821248
"GDSC.Tissue.descriptor.2_acute_myeloid_leukaemia",-0.258769219359326
"GDSC.Tissue.descriptor.2_adrenal_gland",-0.30069694843006
"GDSC.Tissue.descriptor.2_anaplastic_large_cell_lymphoma",-0.410072017738919
"GDSC.Tissue.descriptor.2_B_cell_leukemia",-0.271057259114912
"GDSC.Tissue.descriptor.2_B_cell_lymphoma",-0.27648027472664
"GDSC.Tissue.descriptor.2_biliary_tract",0.213362279923479
"GDSC.Tissue.descriptor.2_Bladder",0.0488706130577784
"GDSC.Tissue.descriptor.2_bone_other",0.0957451309477934
"GDSC.Tissue.descriptor.2_breast",0.0499730460212545
"GDSC.Tissue.descriptor.2_Burkitt_lymphoma",-0.258771341307095
"GDSC.Tissue.descriptor.2_cervix",-0.0069309233455212
"GDSC.Tissue.descriptor.2_chondrosarcoma",0.279963970732383
"GDSC.Tissue.descriptor.2_chronic_myeloid_leukaemia",-0.276257788196057
"GDSC.Tissue.descriptor.2_endometrium",0.0866855920330601
"GDSC.Tissue.descriptor.2_ewings_sarcoma",-0.199239071880386
"GDSC.Tissue.descriptor.2_fibrosarcoma",0.568021158252847
"GDSC.Tissue.descriptor.2_glioma",0.0723258200225272
"GDSC.Tissue.descriptor.2_haematopoietic_neoplasm.other",-0.445074345855099
"GDSC.Tissue.descriptor.2_hairy_cell_leukaemia",0.0249794686132466
"GDSC.Tissue.descriptor.2_head.and.neck",-0.066784423714015
"GDSC.Tissue.descriptor.2_Hodgkin_lymphoma",-0.0996870479306841
"GDSC.Tissue.descriptor.2_kidney",0.0546253442544339
"GDSC.Tissue.descriptor.2_large_intestine",0.0820366162279038
"GDSC.Tissue.descriptor.2_leukemia",-0.444926073898448
"GDSC.Tissue.descriptor.2_liver",0.140038414155093
"GDSC.Tissue.descriptor.2_lung_NSCLC_adenocarcinoma",0.119752462387036
"GDSC.Tissue.descriptor.2_lung_NSCLC_carcinoid",0.231664087532723
"GDSC.Tissue.descriptor.2_lung_NSCLC_large.cell",0.0822183274427545
"GDSC.Tissue.descriptor.2_lung_NSCLC_not.specified",0.149906815040722
"GDSC.Tissue.descriptor.2_lung_NSCLC_squamous_cell_carcinoma",0.0605647310556478
"GDSC.Tissue.descriptor.2_Lung_other",-0.156408779764458
"GDSC.Tissue.descriptor.2_lung_small_cell_carcinoma",0.0522529196085655
"GDSC.Tissue.descriptor.2_lymphoblastic_leukemia",-0.23463364651867
"GDSC.Tissue.descriptor.2_lymphoblastic_T_cell_leukaemia",-0.309739143458751
"GDSC.Tissue.descriptor.2_lymphoid_neoplasm.other",-0.425563688220441
"GDSC.Tissue.descriptor.2_medulloblastoma",-0.208915800597987
"GDSC.Tissue.descriptor.2_melanoma",0.016868554386202
"GDSC.Tissue.descriptor.2_mesothelioma",0.196294405835866
"GDSC.Tissue.descriptor.2_myeloma",-0.217346368408723
"GDSC.Tissue.descriptor.2_neuroblastoma",-0.130929174192361
"GDSC.Tissue.descriptor.2_oesophagus",0.0592502373774668
"GDSC.Tissue.descriptor.2_osteosarcoma",0.00953255274630581
"GDSC.Tissue.descriptor.2_ovary",0.150041478583111
"GDSC.Tissue.descriptor.2_pancreas",0.252090558688412
"GDSC.Tissue.descriptor.2_prostate",0.0759855616967991
"GDSC.Tissue.descriptor.2_rhabdomyosarcoma",-0.246202890047029
"GDSC.Tissue.descriptor.2_skin_other",-0.183779305464103
"GDSC.Tissue.descriptor.2_soft_tissue_other",0.0501943611850544
"GDSC.Tissue.descriptor.2_stomach",0.00423320327114038
"GDSC.Tissue.descriptor.2_T_cell_leukemia",-0.0189503734050269
"GDSC.Tissue.descriptor.2_testis",-0.590311082149878
"GDSC.Tissue.descriptor.2_thyroid",0.120444642316711
"GDSC.Tissue.descriptor.2_urogenital_system_other",-0.0543786038827437
"TARGET_PATHWAY_ABL.signaling",0.0591563337849657
"TARGET_PATHWAY_Apoptosis.regulation",-0.308293576506705
"TARGET_PATHWAY_Cell.cycle",-0.459154348109744
"TARGET_PATHWAY_Chromatin.histone.acetylation",-0.0815599741712782
"TARGET_PATHWAY_Chromatin.histone.methylation",0.286114939605675
"TARGET_PATHWAY_Chromatin.other",0.265905351444226
"TARGET_PATHWAY_Cytoskeleton",0.0999027202958761
"TARGET_PATHWAY_DNA.replication",-0.245611500683775
"TARGET_PATHWAY_EGFR.signaling",-0.0636290990533116
"TARGET_PATHWAY_ERK.MAPK.signaling",0.0305152918042683
"TARGET_PATHWAY_Genome.integrity",0.282090438073056
"TARGET_PATHWAY_Hormone.related",0.428990368314583
"TARGET_PATHWAY_IGF1R.signaling",0.0200545533899279
"TARGET_PATHWAY_JNK.and.p38.signaling",0.706392315657225
"TARGET_PATHWAY_Metabolism",1.30432671493419
"TARGET_PATHWAY_Mitosis",-1.45482288466057
"TARGET_PATHWAY_Other",0.236879979357784
"TARGET_PATHWAY_Other..kinases",0.1376104985561
"TARGET_PATHWAY_p53.pathway",0.521798479231507
"TARGET_PATHWAY_PI3K.MTOR.signaling",-0.127372126314054
"TARGET_PATHWAY_Protein.stability.and.degradation",-0.661097810155788
"TARGET_PATHWAY_RTK.signaling",-0.115991807626133
"TARGET_PATHWAY_Unclassified",0.0166387048275296
"COSMIC_ID_X683667",-0.0771755678126685
"COSMIC_ID_X684052",-0.500413187344726
"COSMIC_ID_X684057",-0.475956090584775
"COSMIC_ID_X684059",-0.716475758955465
"COSMIC_ID_X684062",-0.0674435735343478
"COSMIC_ID_X684072",-0.631085757078601
"COSMIC_ID_X687448",1.279727470813
"COSMIC_ID_X687455",-0.131421600598863
"COSMIC_ID_X687457",0.426431525454594
"COSMIC_ID_X687459",0.721264084104803
"COSMIC_ID_X687505",-0.653488861598192
"COSMIC_ID_X687506",-0.215773294075772
"COSMIC_ID_X687514",-0.0888899341247178
"COSMIC_ID_X687561",-0.640351361262917
"COSMIC_ID_X687562",-0.862883500106267
"COSMIC_ID_X687563",-0.458719469056007
"COSMIC_ID_X687568",0.578697602435572
"COSMIC_ID_X687586",-0.135400460163027
"COSMIC_ID_X687588",0.432651692864875
"COSMIC_ID_X687590",0.156399082073137
"COSMIC_ID_X687592",-0.0387486895757644
"COSMIC_ID_X687596",0.106723099277005
"COSMIC_ID_X687600",0.109432268322618
"COSMIC_ID_X687777",0.455208618478008
"COSMIC_ID_X687780",0.076267523762866
"COSMIC_ID_X687787",-0.218330072375102
"COSMIC_ID_X687794",-0.801075507787777
"COSMIC_ID_X687798",-0.41774231483988
"COSMIC_ID_X687799",-0.861596079777877
"COSMIC_ID_X687800",1.18679315131607
"COSMIC_ID_X687802",1.12324280840085
"COSMIC_ID_X687804",-0.229784392168675
"COSMIC_ID_X687807",1.27580235379383
"COSMIC_ID_X687812",0.178319392209
"COSMIC_ID_X687815",-0.654859364896529
"COSMIC_ID_X687816",0.333143265674428
"COSMIC_ID_X687819",0.56451447423974
"COSMIC_ID_X687820",1.66872896822497
"COSMIC_ID_X687821",1.94881742793679
"COSMIC_ID_X687829",0.621030562593174
"COSMIC_ID_X687980",-0.391127088096372
"COSMIC_ID_X687983",0.109683660416235
"COSMIC_ID_X687985",-0.582326857133365
"COSMIC_ID_X687995",-0.255147064197771
"COSMIC_ID_X687997",1.18267456388852
"COSMIC_ID_X688006",0.207410638908518
"COSMIC_ID_X688010",-0.467357871751513
"COSMIC_ID_X688011",0.389334315192253
"COSMIC_ID_X688013",-0.667231462919641
"COSMIC_ID_X688014",1.03680240882244
"COSMIC_ID_X688015",-0.989895088430286
"COSMIC_ID_X688018",0.46082211297393
"COSMIC_ID_X688021",1.7576010364147
"COSMIC_ID_X688023",-0.556132735602533
"COSMIC_ID_X688025",-0.491613559886542
"COSMIC_ID_X688026",0.340580325599695
"COSMIC_ID_X688027",-0.0947719949492194
"COSMIC_ID_X688031",-0.731307122531198
"COSMIC_ID_X688058",0.31506944620776
"COSMIC_ID_X688086",-0.300930578364326
"COSMIC_ID_X688087",0.585319031043924
"COSMIC_ID_X688121",0.554173637420624
"COSMIC_ID_X713869",0.541363560188474
"COSMIC_ID_X713878",0.168062793361611
"COSMIC_ID_X713880",-0.621417461270726
"COSMIC_ID_X713885",-0.0967584951770199
"COSMIC_ID_X713899",-0.0850545107409481
"COSMIC_ID_X717431",0.143514077934667
"COSMIC_ID_X722045",-0.361255411337517
"COSMIC_ID_X722046",-1.58189060222679
"COSMIC_ID_X722058",-0.939918102939777
"COSMIC_ID_X722066",-0.00474948210588234
"COSMIC_ID_X724825",-0.655129480113336
"COSMIC_ID_X724828",0.598066436877365
"COSMIC_ID_X724831",0.121301334767778
"COSMIC_ID_X724834",0.732586567553924
"COSMIC_ID_X724838",0.42863575938394
"COSMIC_ID_X724839",1.70182721459836
"COSMIC_ID_X724855",0.792220450642701
"COSMIC_ID_X724859",-0.0517055563175082
"COSMIC_ID_X724863",0.0097072800373226
"COSMIC_ID_X724866",0.597758675380632
"COSMIC_ID_X724868",-0.955196428806241
"COSMIC_ID_X724869",0.179271105228177
"COSMIC_ID_X724870",-0.742324485192264
"COSMIC_ID_X724872",-0.208466288809492
"COSMIC_ID_X724873",-0.341412866897819
"COSMIC_ID_X724874",0.953486543961314
"COSMIC_ID_X724878",1.24541130284119
"COSMIC_ID_X735784",0.462445427858141
"COSMIC_ID_X749709",-0.281134790298076
"COSMIC_ID_X749710",0.441856381016197
"COSMIC_ID_X749711",0.0730240640526565
"COSMIC_ID_X749712",-0.255911826709455
"COSMIC_ID_X749713",0.14652691487373
"COSMIC_ID_X749714",0.780045073670285
"COSMIC_ID_X749715",-0.767243422735124
"COSMIC_ID_X749716",0.168227547345361
"COSMIC_ID_X749717",0.532376569635479
"COSMIC_ID_X753531",-1.14712404485213
"COSMIC_ID_X753532",-0.41443071745205
"COSMIC_ID_X753533",-0.0610857403153081
"COSMIC_ID_X753534",-0.115300844479007
"COSMIC_ID_X753535",0.65121055522756
"COSMIC_ID_X753538",-0.1868740524925
"COSMIC_ID_X753539",0.0888139330032679
"COSMIC_ID_X753540",-0.451145031151941
"COSMIC_ID_X753541",-0.350515604304574
"COSMIC_ID_X753545",-0.745533293898252
"COSMIC_ID_X753546",0.807532061971426
"COSMIC_ID_X753547",-0.354060525786649
"COSMIC_ID_X753548",-0.365952183457826
"COSMIC_ID_X753549",0.194951821376749
"COSMIC_ID_X753551",0.426433203117106
"COSMIC_ID_X753552",-0.637173732732167
"COSMIC_ID_X753554",-0.337598798932335
"COSMIC_ID_X753555",-0.745877898853635
"COSMIC_ID_X753556",-0.701572100829493
"COSMIC_ID_X753558",0.257211039012431
"COSMIC_ID_X753559",-0.435941290924935
"COSMIC_ID_X753561",-0.614087814298543
"COSMIC_ID_X753562",-0.667027533929476
"COSMIC_ID_X753563",-0.860342808273698
"COSMIC_ID_X753564",-0.803852651911572
"COSMIC_ID_X753565",-0.125034179617326
"COSMIC_ID_X753566",0.964786676890971
"COSMIC_ID_X753569",-0.0337575049417374
"COSMIC_ID_X753570",-0.629964576969671
"COSMIC_ID_X753572",-1.06644727735107
"COSMIC_ID_X753573",-0.523057941040877
"COSMIC_ID_X753574",0.959121940343413
"COSMIC_ID_X753575",0.967751949073498
"COSMIC_ID_X753576",1.22709178476552
"COSMIC_ID_X753577",0.152021776776336
"COSMIC_ID_X753578",-0.271277426849687
"COSMIC_ID_X753579",0.232758863321096
"COSMIC_ID_X753581",0.508784888035085
"COSMIC_ID_X753582",-0.152505961890331
"COSMIC_ID_X753583",0.749559180007611
"COSMIC_ID_X753584",0.204431084098881
"COSMIC_ID_X753585",-0.467710953043363
"COSMIC_ID_X753586",0.0701956007117806
"COSMIC_ID_X753588",-0.549345635350824
"COSMIC_ID_X753589",1.93585874955988
"COSMIC_ID_X753592",-0.629405137124854
"COSMIC_ID_X753594",-0.266867927367126
"COSMIC_ID_X753595",1.07870264238867
"COSMIC_ID_X753596",-0.401464139477985
"COSMIC_ID_X753600",0.205094212362481
"COSMIC_ID_X753604",-1.44605947953396
"COSMIC_ID_X753605",-0.253578946889508
"COSMIC_ID_X753607",-0.190265642513201
"COSMIC_ID_X753608",-0.325672107208392
"COSMIC_ID_X753610",-0.811043026245016
"COSMIC_ID_X753612",1.01193537769043
"COSMIC_ID_X753614",-0.30118618732999
"COSMIC_ID_X753615",1.0168419276563
"COSMIC_ID_X753616",0.223135654619695
"COSMIC_ID_X753618",-0.666130421320361
"COSMIC_ID_X753620",-0.100160493235099
"COSMIC_ID_X753621",0.339662788957608
"COSMIC_ID_X753622",-0.419867017097809
"COSMIC_ID_X753623",-0.0253050338075655
"COSMIC_ID_X753624",-0.188317582513268
"COSMIC_ID_X905933",0.0546742430590423
"COSMIC_ID_X905934",0.852906996568725
"COSMIC_ID_X905935",1.04025717120302
"COSMIC_ID_X905936",-0.66839954574815
"COSMIC_ID_X905937",-0.633063194908995
"COSMIC_ID_X905938",0.0276250115985844
"COSMIC_ID_X905939",-0.413599180280551
"COSMIC_ID_X905940",0.939972204925094
"COSMIC_ID_X905941",2.09951441339147
"COSMIC_ID_X905942",-0.461406142500047
"COSMIC_ID_X905943",-1.10830878065305
"COSMIC_ID_X905944",-0.071472888694393
"COSMIC_ID_X905945",-0.00968525491437035
"COSMIC_ID_X905946",0.313198857451083
"COSMIC_ID_X905947",-0.480524069886431
"COSMIC_ID_X905948",0.144860315297481
"COSMIC_ID_X905949",-1.06258772027403
"COSMIC_ID_X905950",-0.345795220807128
"COSMIC_ID_X905951",0.330560257779981
"COSMIC_ID_X905952",-0.260432222504104
"COSMIC_ID_X905954",-0.15093988888433
"COSMIC_ID_X905955",0.697860151791908
"COSMIC_ID_X905956",0.406410651769427
"COSMIC_ID_X905957",-0.53084581879491
"COSMIC_ID_X905958",0.512172662941701
"COSMIC_ID_X905959",1.12953123253754
"COSMIC_ID_X905960",-0.299349156734172
"COSMIC_ID_X905961",-0.28526974359717
"COSMIC_ID_X905962",0.314958256841841
"COSMIC_ID_X905963",-0.157575159780539
"COSMIC_ID_X905964",-0.287964609268361
"COSMIC_ID_X905965",-0.93698327886039
"COSMIC_ID_X905967",-0.212010992011361
"COSMIC_ID_X905968",-0.792268838207647
"COSMIC_ID_X905969",0.647752389941518
"COSMIC_ID_X905970",0.982856187960524
"COSMIC_ID_X905971",-0.778523251137186
"COSMIC_ID_X905972",0.374063918756329
"COSMIC_ID_X905973",0.40451149019737
"COSMIC_ID_X905974",-0.746774298879613
"COSMIC_ID_X905975",-0.370029746749409
"COSMIC_ID_X905976",-0.214631724334347
"COSMIC_ID_X905977",0.950463644518653
"COSMIC_ID_X905978",-0.133158921909844
"COSMIC_ID_X905979",0.82215414873419
"COSMIC_ID_X905980",1.72358868393287
"COSMIC_ID_X905981",-0.715393760143918
"COSMIC_ID_X905982",0.284660376963163
"COSMIC_ID_X905983",0.300057071695524
"COSMIC_ID_X905984",-0.992373858271227
"COSMIC_ID_X905985",-0.184402600969212
"COSMIC_ID_X905986",0.273914069517324
"COSMIC_ID_X905989",-0.30511787319585
"COSMIC_ID_X905990",0.520012897259723
"COSMIC_ID_X905991",-0.748760615303461
"COSMIC_ID_X906693",-0.500010831426479
"COSMIC_ID_X906696",-0.634681737132735
"COSMIC_ID_X906746",0.210000879413655
"COSMIC_ID_X906763",-0.15326320287974
"COSMIC_ID_X906765",-0.467859794841592
"COSMIC_ID_X906790",-1.09855651580485
"COSMIC_ID_X906791",0.153229353638106
"COSMIC_ID_X906792",-0.510585950852054
"COSMIC_ID_X906793",-0.57634918623609
"COSMIC_ID_X906794",0.138743465410754
"COSMIC_ID_X906795",0.308596030702502
"COSMIC_ID_X906797",-0.116045662181055
"COSMIC_ID_X906798",-0.281196214316082
"COSMIC_ID_X906801",-0.176816831935733
"COSMIC_ID_X906804",-1.18160167005802
"COSMIC_ID_X906805",0.0772598188848526
"COSMIC_ID_X906807",-0.376241100463347
"COSMIC_ID_X906808",0.586965589033371
"COSMIC_ID_X906812",-0.30112936331395
"COSMIC_ID_X906813",-0.00840348327325386
"COSMIC_ID_X906814",-0.241663505221668
"COSMIC_ID_X906817",1.26118370245552
"COSMIC_ID_X906818",0.195724773915318
"COSMIC_ID_X906820",-0.543136384951075
"COSMIC_ID_X906821",-0.272266535272156
"COSMIC_ID_X906824",-0.222862888322919
"COSMIC_ID_X906825",-0.640733549084991
"COSMIC_ID_X906826",1.21972018709113
"COSMIC_ID_X906827",-0.0865663074009826
"COSMIC_ID_X906828",-0.550888896840051
"COSMIC_ID_X906830",0.440654043608012
"COSMIC_ID_X906831",0.00795918079443052
"COSMIC_ID_X906832",0.290488052042322
"COSMIC_ID_X906833",-0.152609278296028
"COSMIC_ID_X906834",-0.910131701975572
"COSMIC_ID_X906835",1.74789113994558
"COSMIC_ID_X906836",-0.914556483849447
"COSMIC_ID_X906837",-0.66506473056745
"COSMIC_ID_X906838",0.25255849127724
"COSMIC_ID_X906839",0.323828087530802
"COSMIC_ID_X906841",-0.218436380276449
"COSMIC_ID_X906842",-1.04272259263023
"COSMIC_ID_X906843",-0.0807794330473436
"COSMIC_ID_X906844",-1.50170121644672
"COSMIC_ID_X906846",0.16780352223774
"COSMIC_ID_X906847",0.479376129432615
"COSMIC_ID_X906848",-0.477402226095706
"COSMIC_ID_X906849",0.164355698594653
"COSMIC_ID_X906851",0.16189717963802
"COSMIC_ID_X906852",0.607719286276356
"COSMIC_ID_X906855",0.00292007010131116
"COSMIC_ID_X906856",-1.25234176129133
"COSMIC_ID_X906861",-0.0967644148168089
"COSMIC_ID_X906862",-1.02433686961104
"COSMIC_ID_X906863",-0.154010053127057
"COSMIC_ID_X906864",-0.276368763906716
"COSMIC_ID_X906865",-0.222509533407507
"COSMIC_ID_X906868",-0.217180650099622
"COSMIC_ID_X906869",0.266072213865657
"COSMIC_ID_X906870",-0.215395304668039
"COSMIC_ID_X906871",-0.829655408455655
"COSMIC_ID_X906872",1.04386706884609
"COSMIC_ID_X906875",0.278359127854506
"COSMIC_ID_X906877",0.519621872568632
"COSMIC_ID_X906999",0.232164696852566
"COSMIC_ID_X907000",-0.973911738537848
"COSMIC_ID_X907042",-1.11767014293889
"COSMIC_ID_X907043",-0.507717487541854
"COSMIC_ID_X907044",-0.319153722516004
"COSMIC_ID_X907045",0.395075105071142
"COSMIC_ID_X907046",-0.340755312030971
"COSMIC_ID_X907047",-0.658791477375558
"COSMIC_ID_X907048",-0.247311161984583
"COSMIC_ID_X907051",0.836325209634817
"COSMIC_ID_X907053",0.129651546989159
"COSMIC_ID_X907055",-0.871617267914944
"COSMIC_ID_X907056",1.0089086351039
"COSMIC_ID_X907057",-0.471210198477371
"COSMIC_ID_X907058",0.0191898209388932
"COSMIC_ID_X907060",-0.391076980500309
"COSMIC_ID_X907061",-0.513502327655404
"COSMIC_ID_X907062",0.355825334157261
"COSMIC_ID_X907063",0.641068212730759
"COSMIC_ID_X907064",0.010551138437132
"COSMIC_ID_X907065",0.574326790044131
"COSMIC_ID_X907066",1.05492883731318
"COSMIC_ID_X907067",-0.388571676036521
"COSMIC_ID_X907068",0.246378808619093
"COSMIC_ID_X907069",0.215155694313532
"COSMIC_ID_X907071",0.423904318695718
"COSMIC_ID_X907072",-0.653803595283744
"COSMIC_ID_X907169",-0.0801620515848131
"COSMIC_ID_X907170",-0.816819959283452
"COSMIC_ID_X907171",-0.633241103314467
"COSMIC_ID_X907172",0.0399595423343171
"COSMIC_ID_X907173",-0.114704315612277
"COSMIC_ID_X907175",-0.697003049387946
"COSMIC_ID_X907176",0.182263123825681
"COSMIC_ID_X907268",-0.266777905671397
"COSMIC_ID_X907269",-0.106057120356711
"COSMIC_ID_X907270",-0.36720055788981
"COSMIC_ID_X907271",0.27006803428051
"COSMIC_ID_X907272",-0.0405579342443924
"COSMIC_ID_X907273",-0.0121150328036306
"COSMIC_ID_X907274",0.604934247014857
"COSMIC_ID_X907275",-0.745065754805528
"COSMIC_ID_X907276",0.992360143952871
"COSMIC_ID_X907277",-0.578809621828316
"COSMIC_ID_X907278",0.586169862330767
"COSMIC_ID_X907279",1.43977546838504
"COSMIC_ID_X907280",0.352541659808905
"COSMIC_ID_X907281",-0.557964208811521
"COSMIC_ID_X907282",0.686200069574645
"COSMIC_ID_X907285",0.425841528597989
"COSMIC_ID_X907286",-0.209796502219727
"COSMIC_ID_X907287",-0.348185818572681
"COSMIC_ID_X907289",-0.16193683257752
"COSMIC_ID_X907290",0.778303217206915
"COSMIC_ID_X907291",-0.652588196198044
"COSMIC_ID_X907295",0.488484375674419
"COSMIC_ID_X907298",-0.588891810742824
"COSMIC_ID_X907299",-0.989504330395112
"COSMIC_ID_X907300",-0.171679948158628
"COSMIC_ID_X907311",-0.419793390973783
"COSMIC_ID_X907312",-0.786552052251323
"COSMIC_ID_X907313",-0.189638514496018
"COSMIC_ID_X907314",0.665717090284775
"COSMIC_ID_X907317",-0.691115859703166
"COSMIC_ID_X907318",-0.562176057363073
"COSMIC_ID_X907319",-0.26626938397783
"COSMIC_ID_X907320",-0.0382767620559749
"COSMIC_ID_X907321",-0.252030290043793
"COSMIC_ID_X907322",0.0336032864320423
"COSMIC_ID_X907323",-0.317605970575542
"COSMIC_ID_X907783",-0.292435986887927
"COSMIC_ID_X907786",-0.752288774695778
"COSMIC_ID_X907787",-0.128221440709504
"COSMIC_ID_X907788",-0.908751789089402
"COSMIC_ID_X907789",-0.0272527279906479
"COSMIC_ID_X907790",-0.460094025413982
"COSMIC_ID_X907791",0.924735314079027
"COSMIC_ID_X907792",0.975538215959524
"COSMIC_ID_X907794",0.0990359817380592
"COSMIC_ID_X907795",-0.635683815924895
"COSMIC_ID_X907796",0.455233653818483
"COSMIC_ID_X907799",-0.365468609315546
"COSMIC_ID_X908118",-0.65932730026234
"COSMIC_ID_X908120",1.11859324326448
"COSMIC_ID_X908121",-0.312297401681538
"COSMIC_ID_X908122",-0.756180263850372
"COSMIC_ID_X908123",-0.884914259925792
"COSMIC_ID_X908124",-0.376697703686653
"COSMIC_ID_X908125",0.449790650537194
"COSMIC_ID_X908126",0.122916027218976
"COSMIC_ID_X908127",-0.451245829804648
"COSMIC_ID_X908128",0.722480861648596
"COSMIC_ID_X908129",0.299068327466607
"COSMIC_ID_X908130",0.330597078034293
"COSMIC_ID_X908131",0.124371174219752
"COSMIC_ID_X908132",-0.235045834773597
"COSMIC_ID_X908134",0.285195572931008
"COSMIC_ID_X908135",-0.448963814665261
"COSMIC_ID_X908136",0.266029174106803
"COSMIC_ID_X908138",0.286908018580148
"COSMIC_ID_X908139",0.497248481065874
"COSMIC_ID_X908141",-0.52344619577089
"COSMIC_ID_X908142",-0.2814903914951
"COSMIC_ID_X908143",0.807545667254792
"COSMIC_ID_X908144",0.193506862054541
"COSMIC_ID_X908145",-0.791245552365361
"COSMIC_ID_X908146",-0.0067702831638955
"COSMIC_ID_X908147",-0.617795874102118
"COSMIC_ID_X908148",-0.553754870165236
"COSMIC_ID_X908149",0.867493375983388
"COSMIC_ID_X908150",-0.31081597041873
"COSMIC_ID_X908151",-0.551023420019496
"COSMIC_ID_X908152",-0.246240485170149
"COSMIC_ID_X908156",-1.54476042245861
"COSMIC_ID_X908158",-0.652907028967496
"COSMIC_ID_X908159",-0.586647417145893
"COSMIC_ID_X908440",-0.774421378046007
"COSMIC_ID_X908442",-0.425222625874719
"COSMIC_ID_X908443",-0.0603718390601897
"COSMIC_ID_X908447",0.144076667041225
"COSMIC_ID_X908448",-0.520709883927917
"COSMIC_ID_X908449",2.63363139652941
"COSMIC_ID_X908450",0.812471124990995
"COSMIC_ID_X908451",0.319528264043724
"COSMIC_ID_X908452",-0.0625037418264632
"COSMIC_ID_X908455",0.0317185374812567
"COSMIC_ID_X908457",0.197528879507947
"COSMIC_ID_X908458",0.0637686803985277
"COSMIC_ID_X908459",0.36666560311315
"COSMIC_ID_X908460",2.04957526338241
"COSMIC_ID_X908461",0.0903586079378565
"COSMIC_ID_X908462",-0.117348434389914
"COSMIC_ID_X908463",1.24858712755533
"COSMIC_ID_X908465",0.275983019645862
"COSMIC_ID_X908467",-0.548943887145733
"COSMIC_ID_X908468",0.463005974857416
"COSMIC_ID_X908469",0.205973203428175
"COSMIC_ID_X908470",1.16861871804026
"COSMIC_ID_X908471",-0.455892760313846
"COSMIC_ID_X908472",0.440710469394099
"COSMIC_ID_X908473",0.589645295739276
"COSMIC_ID_X908474",-0.864587473276236
"COSMIC_ID_X908475",-0.358119015261959
"COSMIC_ID_X908476",-0.392166687287419
"COSMIC_ID_X908480",0.128644599145695
"COSMIC_ID_X908481",0.418863804248382
"COSMIC_ID_X908483",-0.687484284734395
"COSMIC_ID_X909194",-0.122681176116291
"COSMIC_ID_X909248",0.443175811017161
"COSMIC_ID_X909249",-0.348606002871456
"COSMIC_ID_X909250",0.725999577876107
"COSMIC_ID_X909251",-0.341874189224295
"COSMIC_ID_X909252",-0.109028197002669
"COSMIC_ID_X909253",0.34062698734714
"COSMIC_ID_X909255",-1.32053716239175
"COSMIC_ID_X909256",-0.941130751330646
"COSMIC_ID_X909257",-0.701585877365842
"COSMIC_ID_X909260",0.144599451863563
"COSMIC_ID_X909262",0.0106916119037787
"COSMIC_ID_X909263",0.515561600698689
"COSMIC_ID_X909264",0.591683779461846
"COSMIC_ID_X909696",0.132674798869787
"COSMIC_ID_X909697",-0.392472674464497
"COSMIC_ID_X909698",-0.587736839571146
"COSMIC_ID_X909699",1.76798931183738
"COSMIC_ID_X909701",-0.595481695199867
"COSMIC_ID_X909702",-0.703287044968715
"COSMIC_ID_X909703",0.0999058224675999
"COSMIC_ID_X909704",-0.355762828924616
"COSMIC_ID_X909706",0.809068353699657
"COSMIC_ID_X909707",0.1874433144733
"COSMIC_ID_X909708",-0.534157850794842
"COSMIC_ID_X909709",0.337098276849567
"COSMIC_ID_X909711",0.152495533041078
"COSMIC_ID_X909712",-0.724803411004497
"COSMIC_ID_X909713",0.0168148508809561
"COSMIC_ID_X909715",-0.46665081854643
"COSMIC_ID_X909716",-0.0499872484160211
"COSMIC_ID_X909717",0.0532443499147834
"COSMIC_ID_X909718",-0.799834755456863
"COSMIC_ID_X909719",-0.178194510920029
"COSMIC_ID_X909720",0.0366356211844266
"COSMIC_ID_X909721",1.1102462096869
"COSMIC_ID_X909722",-0.357094265581178
"COSMIC_ID_X909723",0.885454718595441
"COSMIC_ID_X909724",-0.122414338301477
"COSMIC_ID_X909725",0.422996170361025
"COSMIC_ID_X909726",-0.0460290734386125
"COSMIC_ID_X909727",0.418821474970319
"COSMIC_ID_X909728",0.13865752431432
"COSMIC_ID_X909729",-0.0851398430786399
"COSMIC_ID_X909731",-0.637739903784047
"COSMIC_ID_X909732",0.0944754128989579
"COSMIC_ID_X909735",-0.367974779591379
"COSMIC_ID_X909736",0.290694599649335
"COSMIC_ID_X909737",0.0287211645464486
"COSMIC_ID_X909738",0.971498890833829
"COSMIC_ID_X909740",0.928689094671981
"COSMIC_ID_X909742",-0.0268807835784729
"COSMIC_ID_X909743",0.317245996857117
"COSMIC_ID_X909744",-0.265987058148196
"COSMIC_ID_X909745",0.270469355586524
"COSMIC_ID_X909746",0.892236966705168
"COSMIC_ID_X909747",1.5651046761644
"COSMIC_ID_X909748",0.276326350195367
"COSMIC_ID_X909749",0.325831159406254
"COSMIC_ID_X909750",-0.464834537853027
"COSMIC_ID_X909751",-0.700863492808235
"COSMIC_ID_X909753",0.549313813009348
"COSMIC_ID_X909754",1.04073642889031
"COSMIC_ID_X909755",0.521566830822917
"COSMIC_ID_X909756",0.340804394989723
"COSMIC_ID_X909757",0.120993447874048
"COSMIC_ID_X909758",0.916766409502375
"COSMIC_ID_X909759",-0.477566715489045
"COSMIC_ID_X909761",0.0440171920323423
"COSMIC_ID_X909762",-0.518812410693376
"COSMIC_ID_X909769",0.678549512558344
"COSMIC_ID_X909770",0.0384262981871424
"COSMIC_ID_X909771",0.344000533996068
"COSMIC_ID_X909773",0.4758299442542
"COSMIC_ID_X909774",0.226409724500351
"COSMIC_ID_X909776",0.54072287651849
"COSMIC_ID_X909777",-0.339482000908033
"COSMIC_ID_X909778",-0.0551249021940694
"COSMIC_ID_X909779",-0.0135414049120397
"COSMIC_ID_X909781",2.29009634539738
"COSMIC_ID_X909784",0.493681321669828
"COSMIC_ID_X909785",-0.75854296699039
"COSMIC_ID_X909904",0.826103793936695
"COSMIC_ID_X909905",-0.410770290287663
"COSMIC_ID_X909907",1.573644054471
"COSMIC_ID_X909974",0.992123561841601
"COSMIC_ID_X909975",1.08049617607686
"COSMIC_ID_X909976",0.166741401201761
"COSMIC_ID_X909977",0.702323354149638
"COSMIC_ID_X910079",-0.109363329734967
"COSMIC_ID_X910209",-1.66187784430589
"COSMIC_ID_X910399",-0.888415228258753
"COSMIC_ID_X910401",0.000912468637148655
"COSMIC_ID_X910544",-0.241190683016165
"COSMIC_ID_X910545",-0.0648848912598071
"COSMIC_ID_X910546",-0.464433292008181
"COSMIC_ID_X910548",0.245369124159463
"COSMIC_ID_X910549",-0.0130791592180476
"COSMIC_ID_X910554",-0.00136261702635578
"COSMIC_ID_X910567",0.0701783246217016
"COSMIC_ID_X910568",0.177336112317454
"COSMIC_ID_X910569",-0.445104217717332
"COSMIC_ID_X910687",-0.208441961713932
"COSMIC_ID_X910688",-0.0269085184084846
"COSMIC_ID_X910689",2.60440602173982
"COSMIC_ID_X910691",0.200957767161969
"COSMIC_ID_X910692",0.0369128898789368
"COSMIC_ID_X910694",0.800306452136933
"COSMIC_ID_X910695",0.186839843440846
"COSMIC_ID_X910697",-0.125844708304
"COSMIC_ID_X910698",-0.599892214040132
"COSMIC_ID_X910700",0.599752653295472
"COSMIC_ID_X910701",0.880665788014797
"COSMIC_ID_X910702",2.44236786814857
"COSMIC_ID_X910703",0.483379967167385
"COSMIC_ID_X910704",-0.543642009471529
"COSMIC_ID_X910705",-0.686830570604568
"COSMIC_ID_X910706",-0.828093954282752
"COSMIC_ID_X910710",-0.753229899790648
"COSMIC_ID_X910779",0.930933238993587
"COSMIC_ID_X910780",-0.261638783457957
"COSMIC_ID_X910781",-0.442794397284685
"COSMIC_ID_X910784",0.407514691625775
"COSMIC_ID_X910849",-0.00668245023253006
"COSMIC_ID_X910850",0.714589756623311
"COSMIC_ID_X910851",-0.975473864134001
"COSMIC_ID_X910852",-0.0416758596019886
"COSMIC_ID_X910853",-0.0539304776100368
"COSMIC_ID_X910861",-0.0259675045528455
"COSMIC_ID_X910899",-0.0837649799999798
"COSMIC_ID_X910900",-0.446945610626669
"COSMIC_ID_X910903",-0.856034293101345
"COSMIC_ID_X910904",0.392760420024507
"COSMIC_ID_X910905",0.661492117987314
"COSMIC_ID_X910906",-0.474110954241512
"COSMIC_ID_X910907",0.403269186941888
"COSMIC_ID_X910910",0.644522551782417
"COSMIC_ID_X910911",0.471229296947462
"COSMIC_ID_X910916",-0.347965497185992
"COSMIC_ID_X910918",-0.138508794167679
"COSMIC_ID_X910919",-0.477291733950526
"COSMIC_ID_X910920",-0.25474580089368
"COSMIC_ID_X910921",-0.475969552373556
"COSMIC_ID_X910922",-0.40202219435818
"COSMIC_ID_X910924",-0.323508461590367
"COSMIC_ID_X910925",-0.256364686545105
"COSMIC_ID_X910926",-1.04160629936586
"COSMIC_ID_X910927",-0.633608167804287
"COSMIC_ID_X910930",-0.264466111319555
"COSMIC_ID_X910931",-1.23509356561906
"COSMIC_ID_X910932",-0.099168365535442
"COSMIC_ID_X910933",-0.23111983057872
"COSMIC_ID_X910934",-0.466858985935223
"COSMIC_ID_X910935",-0.718069011533116
"COSMIC_ID_X910936",-0.477686333678377
"COSMIC_ID_X910937",-0.641141001480347
"COSMIC_ID_X910941",0.112704291147735
"COSMIC_ID_X910942",-0.577306172366408
"COSMIC_ID_X910943",0.481698432260977
"COSMIC_ID_X910944",-0.408368314863378
"COSMIC_ID_X910947",-0.724366829873816
"COSMIC_ID_X910948",0.551283159902334
"COSMIC_ID_X910951",-0.437380104671753
"COSMIC_ID_X910952",-0.87056008877534
"COSMIC_ID_X911905",1.59804676670775
"COSMIC_ID_X917486",0.473998125497974
"COSMIC_ID_X924100",0.160367008642559
"COSMIC_ID_X924102",0.209138768870305
"COSMIC_ID_X924105",-0.610330708458359
"COSMIC_ID_X924106",-0.705889967433454
"COSMIC_ID_X924107",-0.982986157999152
"COSMIC_ID_X924108",-0.0447750104869111
"COSMIC_ID_X924110",0.514807724568731
"COSMIC_ID_X924111",-0.746483678411722
"COSMIC_ID_X924151",-0.339053564694484
"COSMIC_ID_X924186",-0.49085879855517
"COSMIC_ID_X924187",1.02029593093474
"COSMIC_ID_X924188",0.642083796220794
"COSMIC_ID_X924189",0.344911671529132
"COSMIC_ID_X924238",-0.84970979114413
"COSMIC_ID_X924239",-0.0984336842183892
"COSMIC_ID_X924240",-0.414700059032288
"COSMIC_ID_X924241",0.644795060642471
"COSMIC_ID_X924244",-0.52638291155799
"COSMIC_ID_X924247",-0.694548680065268
"COSMIC_ID_X924248",-0.055782578357381
"COSMIC_ID_X924250",0.828412514877303
"COSMIC_ID_X925338",0.152142930447389
"COSMIC_ID_X925340",0.144814645028285
"COSMIC_ID_X925341",-0.0235948817855631
"COSMIC_ID_X925343",0.957276256702206
"COSMIC_ID_X925345",-0.378545657459553
"COSMIC_ID_X925346",-0.418421925919428
"COSMIC_ID_X925347",0.503378841385174
"COSMIC_ID_X925348",0.763996213376092
"COSMIC_ID_X930082",-0.287342174335673
"COSMIC_ID_X930083",2.32942236449308
"COSMIC_ID_X930297",0.527681449622502
"COSMIC_ID_X930298",0.521875038210414
"COSMIC_ID_X930299",1.23205886724433
"COSMIC_ID_X930301",0.3305542197529
"COSMIC_ID_X946353",0.0530996780180037
"COSMIC_ID_X946354",-1.06068077958733
"COSMIC_ID_X946355",-0.114150088033364
"COSMIC_ID_X946356",0.535880574504537
"COSMIC_ID_X946357",-0.832175541281486
"COSMIC_ID_X946358",0.277007787985096
"COSMIC_ID_X946359",1.12069333352443
"COSMIC_ID_X946360",0.334831677330433
"COSMIC_ID_X946361",-0.278241673842614
"COSMIC_ID_X946363",-0.377035178102503
"COSMIC_ID_X946366",-0.190658432363552
"COSMIC_ID_X946367",0.0213467506605588
"COSMIC_ID_X946368",0.00479850800942221
"COSMIC_ID_X946369",-0.721923937802951
"COSMIC_ID_X946370",0.250081847446906
"COSMIC_ID_X946372",-1.01533269950393
"COSMIC_ID_X946373",0.254027442704958
"COSMIC_ID_X946377",-0.712079835818174
"COSMIC_ID_X946382",-0.234277789405646
"COSMIC_ID_X949088",0.0820102156211101
"COSMIC_ID_X949090",-0.174457448154105
"COSMIC_ID_X949093",2.93514774453227
"COSMIC_ID_X949094",-0.161405456202674
"COSMIC_ID_X949153",-0.350128756416904
"COSMIC_ID_X949154",-0.0235484017672258
"COSMIC_ID_X949155",-0.950182892764191
"COSMIC_ID_X949156",0.483327580599672
"COSMIC_ID_X949157",0.815947996702588
"COSMIC_ID_X949158",-0.919654922672019
"COSMIC_ID_X949160",-0.40328106685848
"COSMIC_ID_X949161",-0.321388751832378
"COSMIC_ID_X949162",-0.803264514387123
"COSMIC_ID_X949163",-0.398589826865616
"COSMIC_ID_X949164",0.265651865184502
"COSMIC_ID_X949165",0.161427922974735
"COSMIC_ID_X949166",0.798091336894539
"COSMIC_ID_X949167",-0.461813938423583
"COSMIC_ID_X949168",0.68632222182823
"COSMIC_ID_X949170",0.218839538593078
"COSMIC_ID_X949171",-0.320359423680862
"COSMIC_ID_X949172",-0.133926503429498
"COSMIC_ID_X949173",-0.153915504744088
"COSMIC_ID_X949174",0.667570941912755
"COSMIC_ID_X949175",-0.7596215318166
"COSMIC_ID_X949176",0.388672330990197
"COSMIC_ID_X949177",-0.447060183775511
"COSMIC_ID_X949178",-0.783808867319333
"COSMIC_ID_X949179",0.468860295334411
"COSMIC_ID_X971773",-0.809729502665973
"COSMIC_ID_X971774",0.134952290361919
"COSMIC_ID_X971777",-0.775674907151188
"COSMIC_ID_X998184",-0.235908735348669
"COSMIC_ID_X998189",0.188476038372414
"COSMIC_ID_X1240121",-0.399574849915583
"COSMIC_ID_X1240122",0.703855497916419
"COSMIC_ID_X1240123",-0.579587396432519
"COSMIC_ID_X1240125",-0.347624259163511
"COSMIC_ID_X1240127",0.303603401012866
"COSMIC_ID_X1240128",-0.213544588781612
"COSMIC_ID_X1240129",0.760973164984624
"COSMIC_ID_X1240130",-1.15355154144535
"COSMIC_ID_X1240142",-0.784336116431785
"COSMIC_ID_X1240143",0.0339130664270484
"COSMIC_ID_X1240144",0.262981249420481
"COSMIC_ID_X1240145",-0.808949036278689
"COSMIC_ID_X1240146",0.245144103828052
"COSMIC_ID_X1240153",-0.458222398698928
"COSMIC_ID_X1240154",-0.931880812594435
"COSMIC_ID_X1240155",-0.21049368049512
"COSMIC_ID_X1240157",-0.394154728943688
"COSMIC_ID_X1240158",-0.208772004265117
"COSMIC_ID_X1240159",0.450206232262269
"COSMIC_ID_X1240160",0.472378128516869
"COSMIC_ID_X1240161",-0.947670553847689
"COSMIC_ID_X1240162",0.710812473809667
"COSMIC_ID_X1240166",-0.76192643863724
"COSMIC_ID_X1240167",-0.609622046585697
"COSMIC_ID_X1240168",-0.21688912090636
"COSMIC_ID_X1240169",0.55229056552196
"COSMIC_ID_X1240170",-0.38281042113979
"COSMIC_ID_X1240172",0.741295102160024
"COSMIC_ID_X1240173",-0.679570466837861
"COSMIC_ID_X1240174",-0.141376687280991
"COSMIC_ID_X1240178",0.482251988182435
"COSMIC_ID_X1240179",-0.0906469256949649
"COSMIC_ID_X1240181",-0.497055513901284
"COSMIC_ID_X1240182",1.76915054562331
"COSMIC_ID_X1240183",0.672566847156827
"COSMIC_ID_X1240184",0.293113305175398
"COSMIC_ID_X1240185",-0.384241006572159
"COSMIC_ID_X1240186",0.925106531583968
"COSMIC_ID_X1240187",-0.169983299225861
"COSMIC_ID_X1240189",-1.16527571112277
"COSMIC_ID_X1240190",-0.21891487785376
"COSMIC_ID_X1240191",-0.666062920032229
"COSMIC_ID_X1240192",0.259574410026973
"COSMIC_ID_X1240193",-1.2888927511985
"COSMIC_ID_X1240196",0.848818108942915
"COSMIC_ID_X1240197",0.807945717799968
"COSMIC_ID_X1240198",0.155130151185213
"COSMIC_ID_X1240199",2.5513207330729
"COSMIC_ID_X1240200",0.431919929088094
"COSMIC_ID_X1240201",-0.744237130412638
"COSMIC_ID_X1240204",-0.985522091511956
"COSMIC_ID_X1240206",-0.43132401146532
"COSMIC_ID_X1240209",-0.196948640157684
"COSMIC_ID_X1240210",-0.684590157147886
"COSMIC_ID_X1240212",0.281441428885785
"COSMIC_ID_X1240215",0.511715744563286
"COSMIC_ID_X1240217",-0.801685954142008
"COSMIC_ID_X1240218",0.85076049845002
"COSMIC_ID_X1240219",0.500523835280728
"COSMIC_ID_X1240220",0.143052265737651
"COSMIC_ID_X1240221",-0.505379211623449
"COSMIC_ID_X1240222",-0.34610236507985
"COSMIC_ID_X1240223",1.24036233311169
"COSMIC_ID_X1240224",1.27796237043666
"COSMIC_ID_X1240226",0.708011393579023
"COSMIC_ID_X1247871",-0.130538166317318
"COSMIC_ID_X1247873",0.519259240806587
"COSMIC_ID_X1287706",0.320580437436746
"COSMIC_ID_X1290455",-0.26794984002337
"COSMIC_ID_X1290722",-0.267471909996147
"COSMIC_ID_X1290724",0.209282835738074
"COSMIC_ID_X1290725",-0.160810297403267
"COSMIC_ID_X1290730",-0.357067434988792
"COSMIC_ID_X1290765",0.0574080487278071
"COSMIC_ID_X1290767",-0.204656312786297
"COSMIC_ID_X1290768",0.565487358299234
"COSMIC_ID_X1290769",0.540342470343503
"COSMIC_ID_X1290795",0.125910996242963
"COSMIC_ID_X1290797",-0.813623850113885
"COSMIC_ID_X1290798",0.582404582966653
"COSMIC_ID_X1290806",0.128596469637026
"COSMIC_ID_X1290905",1.44093697694864
"COSMIC_ID_X1290906",0.109831208199916
"COSMIC_ID_X1290908",-0.428723878545159
"COSMIC_ID_X1290922",-0.263934985557894
"COSMIC_ID_X1295740",-0.400801240256643
"COSMIC_ID_X1295741",-0.728682307821507
"COSMIC_ID_X1297438",-0.420946761274271
"COSMIC_ID_X1297439",0.418649582417477
"COSMIC_ID_X1297446",-0.0256058878183246
"COSMIC_ID_X1297447",0.661536546546575
"COSMIC_ID_X1297449",-0.500154814016971
"COSMIC_ID_X1298134",-0.163708348750576
"COSMIC_ID_X1298136",0.215706770148271
"COSMIC_ID_X1298146",0.0939217903539744
"COSMIC_ID_X1298151",-0.0335812335761897
"COSMIC_ID_X1298156",-0.406312239579976
"COSMIC_ID_X1298157",0.222197231661276
"COSMIC_ID_X1298160",-0.0842650955635176
"COSMIC_ID_X1298167",-0.974545761815317
"COSMIC_ID_X1298168",0.374211876531031
"COSMIC_ID_X1298169",0.00836029352366828
"COSMIC_ID_X1298215",-0.749573944922376
"COSMIC_ID_X1298216",-0.18148852757471
"COSMIC_ID_X1298218",0.444488686832617
"COSMIC_ID_X1298219",0.278920920267064
"COSMIC_ID_X1298222",0.062938977312185
"COSMIC_ID_X1298223",0.329326499506548
"COSMIC_ID_X1298226",-0.0766046304634117
"COSMIC_ID_X1298347",0.236618389104354
"COSMIC_ID_X1298348",0.5717513377782
"COSMIC_ID_X1298349",0.157825890530894
"COSMIC_ID_X1298350",-0.303575918838803
"COSMIC_ID_X1298351",-0.860192011281891
"COSMIC_ID_X1298352",1.75927848686738
"COSMIC_ID_X1298353",0.554408891583517
"COSMIC_ID_X1298356",1.88884446403448
"COSMIC_ID_X1298357",1.3224446854277
"COSMIC_ID_X1298358",0.391655528623628
"COSMIC_ID_X1298359",-0.119830943888138
"COSMIC_ID_X1298362",-0.197838560261064
"COSMIC_ID_X1298365",0.124992583796064
"COSMIC_ID_X1298475",-0.0862199758341658
"COSMIC_ID_X1298476",1.69247226817635
"COSMIC_ID_X1298526",0.573712683794853
"COSMIC_ID_X1298529",0.831384433589309
"COSMIC_ID_X1298531",-0.263066552354557
"COSMIC_ID_X1298533",-0.581378941995761
"COSMIC_ID_X1298534",0.546263517233304
"COSMIC_ID_X1298537",-0.294466260341919
"COSMIC_ID_X1298538",-0.157287014050002
"COSMIC_ID_X1298539",0.980485590669951
"COSMIC_ID_X1299050",0.358597455946313
"COSMIC_ID_X1299052",0.548560327664417
"COSMIC_ID_X1299059",0.494676317627384
"COSMIC_ID_X1299061",-0.706614968328166
"COSMIC_ID_X1299062",1.17541526001965
"COSMIC_ID_X1299064",-0.47090733470207
"COSMIC_ID_X1299069",-0.133879724856072
"COSMIC_ID_X1299070",-0.779690376578213
"COSMIC_ID_X1299075",0.0908330428849566
"COSMIC_ID_X1299078",0.0233254310828814
"COSMIC_ID_X1299080",-0.0529943699711356
"COSMIC_ID_X1299081",-0.371282954518545
"COSMIC_ID_X1303896",-0.557738586664884
"COSMIC_ID_X1303897",1.36882757931581
"COSMIC_ID_X1303900",0.23686221868966
"COSMIC_ID_X1303901",-0.183751654327148
"COSMIC_ID_X1303911",0.275241758975395
"COSMIC_ID_X1303912",0.119078396872579
"COSMIC_ID_X1322212",-0.124124927872854
"COSMIC_ID_X1322213",-0.0999153741944524
"COSMIC_ID_X1322218",0.173798668200877
"COSMIC_ID_X1322224",-1.68888808426942
"COSMIC_ID_X1327765",-0.182814805369969
"COSMIC_ID_X1327766",0.203320581528098
"COSMIC_ID_X1327768",-0.0806616275129308
"COSMIC_ID_X1327769",-0.180013719619237
"COSMIC_ID_X1327771",-0.546839618364797
"COSMIC_ID_X1327773",0.113181189027941
"COSMIC_ID_X1327774",0.372001280010189
"COSMIC_ID_X1327775",0.356983737125721
"COSMIC_ID_X1330931",0.058855611498224
"COSMIC_ID_X1330933",-0.635231181605715
"COSMIC_ID_X1330935",-0.36763943441165
"COSMIC_ID_X1330941",0.0366173147317755
"COSMIC_ID_X1330942",1.10613735992195
"COSMIC_ID_X1330947",-1.37845903567424
"COSMIC_ID_X1330948",-0.350714359281251
"COSMIC_ID_X1330950",-0.359197616206348
"COSMIC_ID_X1330960",0.151277643639104
"COSMIC_ID_X1330964",0.0105457950539506
"COSMIC_ID_X1330972",-0.698871656035947
"COSMIC_ID_X1330973",1.3388158624108
"COSMIC_ID_X1330975",0.462102430111513
"COSMIC_ID_X1330981",-0.247810099139411
"COSMIC_ID_X1330982",-0.568427766010998
"COSMIC_ID_X1330983",0.184433628232442
"COSMIC_ID_X1330984",-0.432559383503927
"COSMIC_ID_X1330985",-0.34375997412217
"COSMIC_ID_X1330987",-0.963050723697443
"COSMIC_ID_X1330991",-0.00605936711630577
"COSMIC_ID_X1330993",-0.51165179950011
"COSMIC_ID_X1330994",-1.01092905933051
"COSMIC_ID_X1330995",0.83473702027688
"COSMIC_ID_X1331025",0.846552868525191
"COSMIC_ID_X1331032",0.320430273714817
"COSMIC_ID_X1331033",-0.450064971359668
"COSMIC_ID_X1331034",-0.983227017363627
"COSMIC_ID_X1331035",-0.16970265543847
"COSMIC_ID_X1331036",-1.0547015217431
"COSMIC_ID_X1331037",-0.620837959728061
"COSMIC_ID_X1331038",0.347810307508161
"COSMIC_ID_X1331039",0.17969112238728
"COSMIC_ID_X1331040",-0.819087326723435
"COSMIC_ID_X1331045",0.60559933866926
"COSMIC_ID_X1331048",0.00982831279976478
"COSMIC_ID_X1331049",-0.135664613836698
"COSMIC_ID_X1331050",-0.568159151223658
"COSMIC_ID_X1479987",-0.953047685284048
"COSMIC_ID_X1479988",-0.004629300546679
"COSMIC_ID_X1479995",-0.472474004378066
"COSMIC_ID_X1480358",0.200692376751052
"COSMIC_ID_X1480359",-1.16188298474966
"COSMIC_ID_X1480360",-0.643597111151678
"COSMIC_ID_X1480361",-0.416372245691732
"COSMIC_ID_X1480362",0.595026010454239
"COSMIC_ID_X1480364",0.482730037618268
"COSMIC_ID_X1480367",-0.311779794591365
"COSMIC_ID_X1480371",-0.100261756381398
"COSMIC_ID_X1480372",0.652302639688572
"COSMIC_ID_X1480374",-0.526167509169478
"COSMIC_ID_X1503361",-0.437483772666998
"COSMIC_ID_X1503362",-0.435615352363234
"COSMIC_ID_X1503363",0.0416894010644691
"COSMIC_ID_X1503364",-0.372899484914116
"COSMIC_ID_X1503365",1.40281460013415
"COSMIC_ID_X1503366",0.310831341265216
"COSMIC_ID_X1503367",0.234171023801556
"COSMIC_ID_X1503368",0.798835338446791
"COSMIC_ID_X1503369",-0.466533926358128
"COSMIC_ID_X1503370",-0.689920209383513
"COSMIC_ID_X1503371",-0.250713676336372
"COSMIC_ID_X1509073",-0.292499358085889
"COSMIC_ID_X1509074",-0.0806116490323813
"COSMIC_ID_X1524414",-0.466409325969046
"COSMIC_ID_X1524415",-1.39580682477605
"COSMIC_ID_X1524416",-0.135620378878493
"COSMIC_ID_X1524417",-0.769154862142423
"COSMIC_ID_X1524418",0.262623716982893
"COSMIC_ID_X1524419",-0.128068213450441
"COSMIC_ID_X1659817",-0.197716538063541
"COSMIC_ID_X1659818",-0.504762904254838
"COSMIC_ID_X1659819",-1.17828741106706
"COSMIC_ID_X1659823",0.259650082386769
"COSMIC_ID_X1659928",-0.646037962363269
"COSMIC_ID_X1660034",-0.042720440266842
"COSMIC_ID_X1660035",0.7425303775578
"COSMIC_ID_X1660036",0.103397937253586
"DRUG_ID_X1003",-3.18330647122931
"DRUG_ID_X1004",-2.72915577400405
"DRUG_ID_X1005",0.261024823067211
"DRUG_ID_X1006",-1.19960670850689
"DRUG_ID_X1007",-3.50154514729652
"DRUG_ID_X1008",-1.92705979060252
"DRUG_ID_X1009",0.924681051934364
"DRUG_ID_X1010",0.457792787808167
"DRUG_ID_X1011",-0.45618132905319
"DRUG_ID_X1012",-0.669446774716769
"DRUG_ID_X1013",0.0725549861450115
"DRUG_ID_X1014",-0.241773665352774
"DRUG_ID_X1016",-0.861332906636261
"DRUG_ID_X1017",0.652188751576487
"DRUG_ID_X1018",1.64333146990428
"DRUG_ID_X1019",-0.192963491147434
"DRUG_ID_X1020",1.47680197573154
"DRUG_ID_X1021",0.0693848242109387
"DRUG_ID_X1022",-1.17482030931458
"DRUG_ID_X1023",0.335104479299411
"DRUG_ID_X1024",-1.52975501334451
"DRUG_ID_X1025",1.20196831059833
"DRUG_ID_X1026",-0.880117285577386
"DRUG_ID_X1029",1.36738395830603
"DRUG_ID_X1030",0.962021546994688
"DRUG_ID_X1031",-2.31824022281627
"DRUG_ID_X1032",-0.993570865955373
"DRUG_ID_X1033",0.950382910095575
"DRUG_ID_X1034",-2.80749052265996
"DRUG_ID_X1036",0.626986156647006
"DRUG_ID_X1037",-0.0734761498967854
"DRUG_ID_X1038",0.0148549315652703
"DRUG_ID_X1039",0.973188067597887
"DRUG_ID_X1042",0.743406123314572
"DRUG_ID_X1043",0.817355910541989
"DRUG_ID_X1046",-0.241732272225799
"DRUG_ID_X1047",0.696086151581761
"DRUG_ID_X1048",0.850421004607716
"DRUG_ID_X1049",0.75092682237083
"DRUG_ID_X1050",0.460822496552044
"DRUG_ID_X1051",-0.046097667281718
"DRUG_ID_X1052",0.524109444307798
"DRUG_ID_X1053",-0.0242912240941902
"DRUG_ID_X1054",0.482978917280439
"DRUG_ID_X1057",-2.14050024707183
"DRUG_ID_X1058",-0.781713738315304
"DRUG_ID_X1059",-2.11585663118602
"DRUG_ID_X1060",-1.12181253260945
"DRUG_ID_X1061",0.74211074182688
"DRUG_ID_X1062",0.761538573118922
"DRUG_ID_X1067",1.54346548466758
"DRUG_ID_X1068",-1.05951557706352
"DRUG_ID_X1069",0.371417217524029
"DRUG_ID_X1072",0.846762365912345
"DRUG_ID_X1073",0.644124422948822
"DRUG_ID_X1079",-0.857257093517779
"DRUG_ID_X1080",-2.26449723535143
"DRUG_ID_X1083",-0.111781856199192
"DRUG_ID_X1084",-2.45283058714339
"DRUG_ID_X1085",-0.218459800385085
"DRUG_ID_X1086",-1.82176771148228
"DRUG_ID_X1088",1.43779431140595
"DRUG_ID_X1089",0.0160946441592312
"DRUG_ID_X1091",-0.706729786275165
"DRUG_ID_X1093",1.38126246161448
"DRUG_ID_X1096",0.113551492074424
"DRUG_ID_X1129",0.464460888452289
"DRUG_ID_X1131",0.561595149549672
"DRUG_ID_X1133",0.0756214095121041
"DRUG_ID_X1149",-0.692723929992807
"DRUG_ID_X1168",0.103185142083365
"DRUG_ID_X1170",2.77600322546348
"DRUG_ID_X1175",0.412925721944038
"DRUG_ID_X1177",0.567095580964997
"DRUG_ID_X1179",-0.927338701833593
"DRUG_ID_X1180",-2.58056951601148
"DRUG_ID_X1190",-1.7381210796703
"DRUG_ID_X1191",-3.53287388681031
"DRUG_ID_X1192",-0.193874442003606
"DRUG_ID_X1194",0.547722105881616
"DRUG_ID_X1199",0.353670140905496
"DRUG_ID_X1200",-0.404290541575677
"DRUG_ID_X1237",1.4486383775429
"DRUG_ID_X1239",-0.406862199357188
"DRUG_ID_X1243",-0.35963501480138
"DRUG_ID_X1248",-3.84477900457546
"DRUG_ID_X1249",0.117568151315933
"DRUG_ID_X1250",-0.536540797390081
"DRUG_ID_X1259",-0.824043627723758
"DRUG_ID_X1268",0.944946402192997
"DRUG_ID_X1372",-2.22603399317134
"DRUG_ID_X1373",0.709154522589526
"DRUG_ID_X1375",2.4218041237365
"DRUG_ID_X1378",0.586175747013478
"DRUG_ID_X1401",-0.0576079080513965
"DRUG_ID_X1428",0.910970033634547
"DRUG_ID_X1441",-0.306637241112366
"DRUG_ID_X1449",1.1346613060895
"DRUG_ID_X1463",0.512654292043462
"DRUG_ID_X1494",-4.2999898800208
"DRUG_ID_X1502",0.79655320994353
"DRUG_ID_X1507",1.28911435196603
"DRUG_ID_X1510",0.799650509583867
"DRUG_ID_X1511",-1.78343137859406
"DRUG_ID_X1512",1.31636293669403
"DRUG_ID_X1529",-1.12911947356001
"DRUG_ID_X1549",0.471843028138018
"DRUG_ID_X1553",0.141851605086713
"DRUG_ID_X1557",2.15021157507881
"DRUG_ID_X1558",0.574065294190447
"DRUG_ID_X1559",-2.89771973693318
"DRUG_ID_X1560",0.94188935963324
"DRUG_ID_X1561",-1.2337214641339
"DRUG_ID_X1563",1.81461374216365
"DRUG_ID_X1564",-0.253934467395744
"DRUG_ID_X1576",-0.470484572169531
"DRUG_ID_X1578",1.21465431979223
"DRUG_ID_X1580",1.69838431003637
"DRUG_ID_X1581",-0.370403153010924
"DRUG_ID_X1582",0.693075570323434
"DRUG_ID_X1583",-0.250607008152005
"DRUG_ID_X1584",-0.424122863747751
"DRUG_ID_X1585",1.18029562470645
"DRUG_ID_X1586",1.13254714979321
"DRUG_ID_X1593",-0.397906089069492
"DRUG_ID_X1594",0.476586695397547
"DRUG_ID_X1598",0.897482963379936
"DRUG_ID_X1613",0.0478193565903336
"DRUG_ID_X1614",0.603414888530291
"DRUG_ID_X1615",1.20990165345412
"DRUG_ID_X1617",-0.215884716042267
"DRUG_ID_X1618",-0.142696458973684
"DRUG_ID_X1620",1.1591490483354
"DRUG_ID_X1621",0.81605542828399
"DRUG_ID_X1622",1.01933080956563
"DRUG_ID_X1624",0.239103748542522
"DRUG_ID_X1625",1.38459521774451
"DRUG_ID_X1626",-0.570735932247076
"DRUG_ID_X1627",-0.423846480168809
"DRUG_ID_X1629",1.12610638955122
"DRUG_ID_X1630",0.467212725610651
"DRUG_ID_X1631",-0.0226315615699739
"DRUG_ID_X1632",0.535688881570517
"DRUG_ID_X1634",0.115715057890681
"DRUG_ID_X1635",1.10165918676102
"DRUG_ID_X1706",-1.78132977489646
"DRUG_ID_X1708",-0.87687439010446
"DRUG_ID_X1709",-2.77650749023417
"DRUG_ID_X1712",-3.04780319176319
"DRUG_ID_X1713",-0.351195576993067
"DRUG_ID_X1714",0.37691057888049
"DRUG_ID_X1716",0.949881139545954
"DRUG_ID_X1718",0.549071033843176
"DRUG_ID_X1720",0.741109082818684
"DRUG_ID_X1730",-0.330661008114349
"DRUG_ID_X1732",0.329661067908446
"DRUG_ID_X1733",-0.342768746408105
"DRUG_ID_X1734",-0.360965065097126
"DRUG_ID_X1736",1.34843183276718
"DRUG_ID_X1738",-0.599713768385145
"DRUG_ID_X1739",-0.465529628473915
"DRUG_ID_X1776",0.661696731418156
"DRUG_ID_X1777",0.900288620043679
"DRUG_ID_X1778",0.479371228597815
"DRUG_ID_X1779",-1.02905465744195
"DRUG_ID_X1780",1.14155868618362
"DRUG_ID_X1782",0.829667877090508
"DRUG_ID_X1783",1.1567432414609
"DRUG_ID_X1784",1.29734493319171
"DRUG_ID_X1785",0.997503730311374
"DRUG_ID_X1786",-0.250123811374123
"DRUG_ID_X1799",0.542887219042145
"DRUG_ID_X1802",0.380061218139996
"DRUG_ID_X1803",1.92814244633282
"DRUG_ID_X1804",1.58511094861586
"DRUG_ID_X1806",1.04800590080007
"DRUG_ID_X1808",-0.855797427731618
"DRUG_ID_X1809",-2.23557343979275
"DRUG_ID_X1810",-1.12027204978634
"DRUG_ID_X1811",-2.16549523046393
"DRUG_ID_X1812",-0.239953294689356
"DRUG_ID_X1813",2.40529122877573
"DRUG_ID_X1814",3.19891391743446
"DRUG_ID_X1815",1.26489819871197
"DRUG_ID_X1816",1.10925753682892
"DRUG_ID_X1817",-4.06726390595815
"DRUG_ID_X1819",-1.36772951267459
"DRUG_ID_X1820",-0.422514000198698
"DRUG_ID_X1821",0.596824561653732
"DRUG_ID_X1824",-0.0809085275508056
"DRUG_ID_X1825",-3.35318582186715
"DRUG_ID_X1826",-0.403579824564332
"DRUG_ID_X1827",-2.17542932961759
"DRUG_ID_X1828",0.791555495294957
"DRUG_ID_X1829",-1.67988201917784
"DRUG_ID_X1830",-0.27388169415136
"DRUG_ID_X1831",0.774527793261931
"DRUG_ID_X1832",0.922343824369102
"DRUG_ID_X1833",-0.818681071678088
"DRUG_ID_X1834",-0.913360005635036
"DRUG_ID_X1835",0.588738456098147
"DRUG_ID_X1836",0.172405666336331
"DRUG_ID_X1838",0.660997261595742
"DRUG_ID_X1839",0.892361577116819
"DRUG_ID_X1840",-0.741312765332652
"DRUG_ID_X1843",-1.35379287356208
"DRUG_ID_X1844",0.817222628987275
"DRUG_ID_X1845",-1.88757138853697
"DRUG_ID_X1847",1.00733089729174
"DRUG_ID_X1849",-1.47519333123506
"DRUG_ID_X1852",0.973833742113478
"DRUG_ID_X1853",0.670601438994095
"DRUG_ID_X1854",1.33372307892496
"DRUG_ID_X1855",0.789854141581441
"DRUG_ID_X1862",-1.78262966581419
"DRUG_ID_X1866",-0.211686576155526
"DRUG_ID_X1873",-0.81477468322562
"DRUG_ID_X1908",0.116860112912599
"DRUG_ID_X1909",-0.308001862622203
"DRUG_ID_X1910",-0.407441259935421
"DRUG_ID_X1911",-4.40360849325373
"DRUG_ID_X1912",-0.385920934584519
"DRUG_ID_X1913",0.308870250927625
"DRUG_ID_X1915",-0.146920575853919
"DRUG_ID_X1916",-0.0538682415831936
"DRUG_ID_X1917",-0.994240610541267
"DRUG_ID_X1918",0.19030557978539
"DRUG_ID_X1919",-0.973584158359933
"DRUG_ID_X1922",-0.226672288966755
"DRUG_ID_X1924",0.318253271646383
"DRUG_ID_X1925",0.916982900730868
"DRUG_ID_X1926",-1.69484979487433
"DRUG_ID_X1927",0.980681947027888
"DRUG_ID_X1928",0.635981827525799
"DRUG_ID_X1930",-1.21983552321677
"DRUG_ID_X1931",0.977800036355146
"DRUG_ID_X1932",-0.253670141924223
"DRUG_ID_X1933",1.06592280155276
"DRUG_ID_X1936",-0.00117185067586047
"DRUG_ID_X1939",-0.168012404259844
"DRUG_ID_X1940",0.395728729347695
"DRUG_ID_X1941",-3.43193813823738
"DRUG_ID_X1996",0.829245723757976
"DRUG_ID_X1997",0.532752950301364
"DRUG_ID_X1998",1.33775249687548
"DRUG_ID_X1999",0.281202508336809
"DRUG_ID_X2000",2.10125073435542
"DRUG_ID_X2002",2.1473918030067
"DRUG_ID_X2003",2.29713374443856
"DRUG_ID_X2010",0.712698321102245
"DRUG_ID_X2011",0.592744916001404
"DRUG_ID_X2037",1.03317365095117
"DRUG_ID_X2038",0.474211171694748
"DRUG_ID_X2039",0.0113079099740927
"DRUG_ID_X2040",-0.920585087046478
"DRUG_ID_X2043",0.942265063826018
"DRUG_ID_X2044",0.471237095968835
"DRUG_ID_X2045",1.74701005478996
"DRUG_ID_X2046",0.27931186503589
"DRUG_ID_X2047",-0.511037334263916
"DRUG_ID_X2048",-2.20199055395076
"DRUG_ID_X2055",-1.16636238915919
"DRUG_ID_X2057",1.81020968378614
"DRUG_ID_X2096",-0.0804266872181887
"DRUG_ID_X2106",-0.0206035719878935
"DRUG_ID_X2107",1.12890285873849
"DRUG_ID_X2109",-0.648565793294787
"DRUG_ID_X2110",0.648607885478788
"DRUG_ID_X2111",0.82217829057423
"DRUG_ID_X2112",-0.572843654401129
"DRUG_ID_X2113",-0.0970602525251496
"DRUG_ID_X2145",-2.98666310492488
"DRUG_ID_X2148",-1.60667577328787
"DRUG_ID_X2149",-0.845520809944798
"DRUG_ID_X2154",-0.251480576242116
"DRUG_ID_X2156",-0.0508224640349249
"DRUG_ID_X2157",0.875761093167034
"DRUG_ID_X2158",0.500399213412104
"DRUG_ID_X2159",0.186447291511729
"DRUG_ID_X2169",0.352123065143814
"DRUG_ID_X2170",0.394333160345918
"DRUG_ID_X2171",-0.663490572925335
"DRUG_ID_X2172",-0.544934369969022
"DRUG_ID_X2173",0.684550538388724
"DRUG_ID_X2174",-0.287072526974182
"DRUG_ID_X2175",0.82684785804262
"DRUG_ID_X2177",-1.5347902081543
"DRUG_ID_X2359",1.17122963983757
"DRUG_ID_X2360",1.30633430041381
"DRUG_ID_X2361",1.16943091534311
"DRUG_ID_X2362",0.649087017954118
"DRUG_ID_X2438",3.85134596586232
"DRUG_ID_X2439",2.75095460746904
"DRUG_ID_X2498",-1.93091837628029
"TARGET_X.",0.329089783285048
"TARGET_ABL",0.067855391481377
"TARGET_ABL..SRC..Ephrins..PDGFR..KIT",-0.841306374876451
"TARGET_ADRA1A..ADRB1",1.07538852483251
"TARGET_AKT1",0.382544164036399
"TARGET_AKT1..AKT..AKT3",0.310400348471303
"TARGET_AKT1..AKT2",-0.00535124149457224
"TARGET_AKT1..AKT2..AKT3",0.0318574047367918
"TARGET_AKT1..AKT2..AKT3..ROCK2",-0.0814585386538384
"TARGET_Alkylating.agent",1.29923117488626
"TARGET_Amyloid.beta20..Amyloid.beta40",0.787763547480791
"TARGET_Anthracycline",-1.68002362006274
"TARGET_anti.oxidant.proteins",3.15652053074991
"TARGET_Antimetabolite",-0.343323767220331
"TARGET_Antimetabolite..DNA...RNA.",0.595015967689936
"TARGET_AR",0.710749542550807
"TARGET_ATM",0.896179051670713
"TARGET_ATR",-0.0814777337874134
"TARGET_AURKA",0.169219076372636
"TARGET_AURKA..AURKB",0.655063655335249
"TARGET_AURKA..AURKB..AURKC..others",0.318833900441374
"TARGET_BAZ2A..BAZ2B",0.488737024319109
"TARGET_BCL.XL",0.556396727120963
"TARGET_BCL2",-0.250903566555061
"TARGET_BCL2...BCL.XL...BFL1..MCL1",-1.3730961357972
"TARGET_BCL2..BCL.XL...BCL.W..BCL.B..BFL1",-0.347968038505861
"TARGET_BCL2..BCL.XL..BCL.W",-0.383080265730336
"TARGET_BCL2..BCL.XL..BCL.W..MCL1",-0.964012404883144
"TARGET_BCL2..BCL.XL..MCL1",-0.6145706411469
"TARGET_BIRC5",-3.25888003438152
"TARGET_BRAF",0.671730269204143
"TARGET_BRD2..BRD3..BRD4",-0.183627611407239
"TARGET_BRD2..BRD3..BRD4..BRDT",-0.562617123012328
"TARGET_BRD4",0.207934360097083
"TARGET_BRD9",0.574644237477744
"TARGET_Broad.spectrum.kinase.inhibitor",-2.67886084190313
"TARGET_BRPF1..BRPF2..BRPF3",0.36306989655621
"TARGET_BRPF1B..BRPF2",0.652569399618221
"TARGET_BTK",0.496030296999608
"TARGET_CDK1",0.57426921122774
"TARGET_CDK1..CDK2..CDK5..CDK9",-2.41436635289238
"TARGET_CDK2",0.00689341377683517
"TARGET_CDK4..CDK6",0.55698229482829
"TARGET_CDK9",-1.69177429608386
"TARGET_CECR2..BRD2..BRD4..BRD9",-0.391474934165882
"TARGET_CHEK1..CHEK2",-1.06378668386954
"TARGET_CHEK1..CHEK2..CDK2",0.319503236177623
"TARGET_CP11A",1.17327322793964
"TARGET_CRBN",1.51008275533876
"TARGET_DNA.alkylating.agent",1.15759118521445
"TARGET_DNA.crosslinker",0.287516258809645
"TARGET_DNA.methyltransferases",-0.0935090817559364
"TARGET_DNAPK",-0.0219617043613543
"TARGET_DOT1L",0.526773304407605
"TARGET_dsDNA.break.induction",0.199361180658971
"TARGET_DYRK1A",-1.01654599481711
"TARGET_EGFR",-0.132536490149582
"TARGET_EGFR..ERBB2",-0.193977432151687
"TARGET_EGFR..ERBB2..ERBB3",0.462366382419076
"TARGET_EGLN1",-0.320119034310825
"TARGET_EHMT1..EHMT2",0.792159319820853
"TARGET_EP300",0.431797850908419
"TARGET_EP300..CBP",0.678076551032744
"TARGET_ERK1..ERK2",-0.199100110280055
"TARGET_ERK1.ERK2",0.00848456143026103
"TARGET_ERK2",-0.0891986393903275
"TARGET_ESR",0.172210150719031
"TARGET_ESR1",0.281060013600709
"TARGET_ESR1..ESR2",0.814901863333235
"TARGET_EZH2",0.19182950681244
"TARGET_FAK1",0.621392000893484
"TARGET_FGFR1..FGFR2..FGFR3",0.256433746199345
"TARGET_FLT3..JAK2..NTRK1..NTRK2..NTRK3",-1.48691168591027
"TARGET_G.quadruplex.stabiliser",0.478828128666557
"TARGET_G9A..GLP",0.408987940867791
"TARGET_GADD34",1.22849691796004
"TARGET_GSK3A..GSK3B",1.09621564077582
"TARGET_HDAC.inhibitor.Class.I..IIa..IIb..IV",-0.620713618142812
"TARGET_HDAC1..HDAC2..HDAC3..HDAC8",-3.89871308793578
"TARGET_HDAC1..HDAC3",-0.369074883208977
"TARGET_HDAC8..HDAC6..HDAC1",0.797658574827753
"TARGET_HSP90",-1.36956272846342
"TARGET_IAP",0.839368008758167
"TARGET_IDH1..R132H.",0.228022481700929
"TARGET_IDH2.R140Q.mutant",0.0487319668411204
"TARGET_IGF1R",0.258430903616619
"TARGET_IGF1R..IR",0.000719980633718025
"TARGET_IGFR1",-0.584817708396359
"TARGET_IKK.1..IKK.2",0.077451218860432
"TARGET_Induces.reactive.oxygen.species",-0.37990917034966
"TARGET_Inflammatory.related",1.02330540002546
"TARGET_IRAK4",0.887562698422427
"TARGET_JAK1",0.502716237331146
"TARGET_JAK1..JAK2",0.469737654930008
"TARGET_JAK1..JAK2..JAK3",0.840755450604415
"TARGET_JAK2..JAK3",-0.538157060231811
"TARGET_JNK",0.697458132198006
"TARGET_KDM1",-0.279297318706361
"TARGET_KDM4A..KDM4C..KDM4E..KDM3A..KDM6B",-0.857930638737926
"TARGET_KRAS..G12C.",0.754099705509806
"TARGET_KSP11",-2.96355903538315
"TARGET_LRRK2",0.914063810883142
"TARGET_LSD1",-0.287434183197514
"TARGET_MCL1",0.494968060579369
"TARGET_MDM2",0.308067811594651
"TARGET_MEK1..MEK2",-0.373780295674958
"TARGET_MET",0.00878189921535574
"TARGET_MET..ALK..ROS1",-0.0854815885285741
"TARGET_MET..KDR..TIE2..VEGFR3.FLT4..RON..PDGFR..FGFR1..EGFR",-0.87710259733811
"TARGET_Metabolism",5.44059316873499
"TARGET_Microtubule.destabiliser",-2.14817011022197
"TARGET_Microtubule.stabiliser",-2.21238484253269
"TARGET_MRCKB_HUMAN",-0.229779878679435
"TARGET_MRE11",0.776232272011093
"TARGET_MTOR",-0.818645193874493
"TARGET_MTORC1",-2.35006308601827
"TARGET_mTORC1..mTORC2",-0.293084237676553
"TARGET_MTORC1..MTORC2",-0.651783128096384
"TARGET_Mutant.RAS",1.00161203183358
"TARGET_NAE",-1.12854426711863
"TARGET_NAMPT",-3.76553365020127
"TARGET_NIK",1.06091284340314
"TARGET_NTRK1",0.332568219990065
"TARGET_NTRK1..NTRK2..NTRK3",0.497741688377507
"TARGET_NUAK1..NUAK2",0.54594329259126
"TARGET_p38..JNK2",0.61592905840903
"TARGET_PAK1..PAK2",-0.341396936823114
"TARGET_PARP1..PARP2",0.428926791823095
"TARGET_PDGFR..KIT..VEGFR",0.081047160641898
"TARGET_PDGFR..KIT..VEGFR..RAF",-0.234665311521305
"TARGET_PERK",-0.204408411618109
"TARGET_PI3K..beta.sparing.",0.248079275992033
"TARGET_PI3K..class.1.",-0.740765641095527
"TARGET_PI3K..class.1...MTORC1..MTORC2",-2.04738927546406
"TARGET_PI3Kalpha",-0.334002635566977
"TARGET_PI3Kalpha..PI3Kbeta",0.178372098071608
"TARGET_PI3Kalpha..PI3Kdelta..PI3Kbeta..PI3Kgamma",-0.786372989895996
"TARGET_PI3Kbeta",0.332849437803818
"TARGET_PI3Kgamma",1.16424828711951
"TARGET_PIM1..PIM2..PIM3",1.05978245424165
"TARGET_PLK1..PLK2..PLK3",-1.69045853471556
"TARGET_PMRT5",0.5676281630163
"TARGET_Polybromo.1..SMARCA4..SMARCA2",1.07480492009365
"TARGET_PORCN",0.459664589010696
"TARGET_PPM1D",1.19829469287962
"TARGET_PPP1R15B",0.917199623016063
"TARGET_Proteasome",-3.31115821800804
"TARGET_Proteasome..CAPN1",-1.63758233135348
"TARGET_Pyrimidine.antimetabolite",-1.64500244872147
"TARGET_Pyrimidine.synthesis.inhibitor",1.1900798166265
"TARGET_RAC1..RAC2..RAC3",0.340273065155058
"TARGET_Retinoic.acid",0.852537581734562
"TARGET_RNA.helicase.A",-0.433513195439619
"TARGET_RNA.polymerase",-3.35601030295301
"TARGET_ROCK1..ROCK2",-0.210758304601968
"TARGET_RSK..AURKB..PIM1..PIM3",0.90516999655255
"TARGET_RSK2..RSK1..RSK3",1.07574909738821
"TARGET_S6K1",0.449458495748042
"TARGET_SETD8",0.119840850551227
"TARGET_SIR2",0.516404780891926
"TARGET_SMO",0.874683694349862
"TARGET_SRC..ABL..TEC",-0.213786169790551
"TARGET_SYK",0.183046948239247
"TARGET_TAF1",0.27112016928024
"TARGET_TBK1..PDK1..PDPK1...IKK..AURKB..AURKC",-0.0979977196014068
"TARGET_Telomerase",-1.22813898857019
"TARGET_TERT",0.849004617367144
"TARGET_TGFB1",0.887704184876348
"TARGET_TGFBR1..ACVR1B..ACVR1C",0.533679431393395
"TARGET_TNKS1..TNKS2",0.461084633082234
"TARGET_TOP1",-1.62839933912367
"TARGET_TOP2",-1.05935516432962
"TARGET_TP53",0.842257870178755
"TARGET_TP53.activation",0.454043615624614
"TARGET_ULK1",-0.366677278448564
"TARGET_Unknown",0.0803000293460508
"TARGET_USP1..UAF1",1.16349044868891
"TARGET_USP7..USP47",1.10030699910465
"TARGET_VEGFR..FLT1..FLT2..FLT3..FLT4..KIT..PDGFRB",-0.217311765250466
"TARGET_VEGFR..RET..KIT..PDGFR",1.32779851351537
"TARGET_VSP34",-0.389415208352028
"TARGET_WEE1..CHEK1",-0.169424145675691
"TARGET_WEE1..PLK1",-0.830888716681499
"TARGET_WIP1",1.07697748124097
"TARGET_XIAP..cIAP",-0.168253200346874
